x_m,radius_m
0.0,0.019950000000000002
0.001,0.01992441630216885
0.002,0.019848288761735434
0.0030000000000000005,0.019723446875653274
0.004,0.019552807823506397
0.005,0.019340195711533333
0.006000000000000001,0.01909011940917449
0.007000000000000001,0.0188075326583384
0.008,0.018497598864683322
0.009000000000000001,0.01816547872808565
0.01,0.017816152978521134
0.011000000000000001,0.01745428631490518
0.012000000000000002,0.017084133250000112
0.013000000000000003,0.01670948254205789
0.014000000000000002,0.016333634406753277
0.015000000000000001,0.015959403598847198
0.016,0.015589141410565957
0.017,0.01522477028757361
0.018000000000000002,0.014867825786383768
0.019,0.014519501738903762
0.02,0.014180695584633059
0.021,0.013852051786047032
0.022000000000000002,0.013534002019685467
0.023000000000000003,0.013226801432027068
0.024000000000000004,0.012930560683255236
0.025000000000000005,0.012645273800479907
0.026000000000000006,0.012370842053740195
0.027000000000000003,0.012107094179878937
0.028000000000000004,0.011853803333820809
0.029000000000000005,0.0116107011620256
0.030000000000000002,0.011377489382753717
0.031000000000000007,0.011153849232409429
0.032,0.010939449103772168
0.033,0.01073395066524113
0.034,0.010537013713450505
0.035,0.010348299976677492
0.036000000000000004,0.010167476054425938
0.037000000000000005,0.009994215649910201
0.038,0.0098282012270001
0.03900000000000001,0.009669125201402052
0.04,0.00951669075719844
0.041,0.009370612364035656
0.042,0.009230616056911028
0.043000000000000003,0.009096439529333226
0.044000000000000004,0.008967832081314742
0.045000000000000005,0.008844554455921323
0.046000000000000006,0.008726378591706274
0.04700000000000001,0.008613087313082822
0.04800000000000001,0.00850447397635095
0.049,0.00840034208553879
0.05000000000000001,0.008300504889309751
0.051000000000000004,0.00820478496781297
0.05200000000000001,0.008113013816423015
0.053000000000000005,0.008025031431746708
0.054000000000000006,0.007940685904005635
0.05500000000000001,0.007859833018879001
0.05600000000000001,0.007782335871068009
0.057,0.007708064491183871
0.05800000000000001,0.007636895487036176
0.05900000000000001,0.0075687116999824085
0.060000000000000005,0.0075034018766719545
0.061000000000000006,0.007440860356262778
0.06200000000000001,0.007380986772992055
0.063,0.007323685773832317
0.064,0.007268866750852876
0.06500000000000002,0.0072164435878250745
0.066,0.007166334420552952
0.067,0.007118461410373374
0.068,0.007072750530247465
0.069,0.007029131362854964
0.07,0.006987536910102254
0.07033333333333334,0.00697411091909743
0.07066666666666667,0.006960900502570509
0.07100000000000001,0.006947903413461158
0.07133333333333335,0.006935117441267932
0.07166666666666667,0.006922540411404316
0.07200000000000001,0.0069101701845673096
0.07233333333333333,0.006898004656118368
0.07266666666666667,0.006886041755476416
0.07300000000000001,0.0068742794455227355
0.07333333333333333,0.00686271572201748
0.07366666666666667,0.006851348613027588
0.07400000000000001,0.006840176178365896
0.07433333333333333,0.006829196509041197
0.07466666666666667,0.006818407726719059
0.07500000000000001,0.006807807983193173
0.07533333333333334,0.0067973954598670346
0.07566666666666667,0.006787168367245743
0.07600000000000001,0.006777124944437723
0.07633333333333334,0.006767263458666173
0.07666666666666667,0.006757582204790033
0.07700000000000001,0.006748079504834299
0.07733333333333334,0.006738753707529487
0.07766666666666668,0.006729603187860052
0.07800000000000001,0.006720626346621604
0.07833333333333334,0.006711821609986727
0.07866666666666668,0.0067031874290792255
0.079,0.00669472227955665
0.07933333333333334,0.006686424661200891
0.07966666666666668,0.0066782930975167335
0.08,0.006670326135338156
0.08033333333333334,0.006662522344442262
0.08066666666666668,0.006654880317170644
0.081,0.006647398668058084
0.08133333333333334,0.006640076033468376
0.08166666666666668,0.006632911071237184
0.082,0.00662590246032176
0.08233333333333334,0.006619048900457383
0.08266666666666667,0.006612349111820396
0.083,0.006605801834697697
0.08333333333333334,0.006599405829162553
0.08366666666666667,0.006593159874756608
0.084,0.006587062770177963
0.08433333333333334,0.0065811133329752025
0.08466666666666667,0.006575310399247234
0.085,0.006569652823348854
0.08533333333333334,0.006564139477601876
0.08566666666666667,0.006558769252011762
0.08600000000000001,0.006553541053989596
0.08633333333333335,0.006548453808079326
0.08666666666666667,0.006543506455690145
0.08700000000000001,0.006538697954833926
0.08733333333333335,0.006534027279867588
0.08766666666666667,0.0065294934212403125
0.08800000000000001,0.006525095385245493
0.08833333333333335,0.006520832193777344
0.08866666666666667,0.006516702884092052
0.08900000000000001,0.006512706508573395
0.08933333333333335,0.0065088421345027275
0.08966666666666667,0.006505108843833254
0.09,0.0065015057329685
0.09033333333333333,0.006498031912544882
0.09066666666666667,0.006494686507218332
0.091,0.006491468655454843
0.09133333333333334,0.006488377509324906
0.09166666666666667,0.006485412234301723
0.092,0.006482572009063151
0.09233333333333334,0.006479856025297275
0.09266666666666667,0.006477263487511561
0.093,0.006474793612845497
0.09333333333333334,0.0064724456308866704
0.09366666666666668,0.006470218783490201
0.094,0.006468112324601475
0.09433333333333334,0.006466125520082095
0.09466666666666668,0.006464257647539007
0.095,0.0064625079961567215
0.09533333333333334,0.006460875866532579
0.09566666666666668,0.0064593605705149945
0.096,0.006457961431044624
0.09633333333333334,0.006456677781998402
0.09666666666666668,0.006455508968036372
0.097,0.00645445434445129
0.09733333333333334,0.0064535132770209115
0.09766666666666668,0.006452685141862937
0.098,0.006451969325292545
0.09833333333333334,0.006451365223682469
0.09866666666666668,0.00645087224332558
0.099,0.006450489800299901
0.09933333333333333,0.006450217320336038
0.09966666666666668,0.006450054238686942
0.1,0.00645
0.10033333333333334,0.006452888888888889
0.10066666666666667,0.006455777777777778
0.101,0.006458666666666666
0.10133333333333333,0.0064615555555555555
0.10166666666666668,0.0064644444444444445
0.10200000000000001,0.006467333333333334
0.10233333333333333,0.006470222222222222
0.10266666666666667,0.006473111111111111
0.10300000000000001,0.006476
0.10333333333333333,0.006478888888888889
0.10366666666666667,0.006481777777777778
0.10400000000000001,0.006484666666666666
0.10433333333333333,0.0064875555555555554
0.10466666666666667,0.0064904444444444445
0.10500000000000001,0.006493333333333334
0.10533333333333333,0.006496222222222222
0.10566666666666667,0.006499111111111111
0.10600000000000001,0.006502
0.10633333333333334,0.006504888888888889
0.10666666666666667,0.006507777777777778
0.10700000000000001,0.006510666666666666
0.10733333333333334,0.006513555555555555
0.10766666666666666,0.0065164444444444445
0.10800000000000001,0.006519333333333334
0.10833333333333334,0.006522222222222222
0.10866666666666668,0.006525111111111111
0.10900000000000001,0.006528
0.10933333333333334,0.006530888888888889
0.10966666666666666,0.006533777777777778
0.11,0.006536666666666666
0.11033333333333334,0.006539555555555555
0.11066666666666666,0.0065424444444444445
0.11100000000000002,0.0065453333333333336
0.11133333333333334,0.006548222222222223
0.11166666666666666,0.006551111111111111
0.112,0.006554
0.11233333333333334,0.006556888888888889
0.11266666666666666,0.006559777777777778
0.113,0.006562666666666666
0.11333333333333334,0.006565555555555555
0.11366666666666667,0.0065684444444444445
0.114,0.0065713333333333335
0.11433333333333334,0.006574222222222223
0.11466666666666667,0.006577111111111111
0.115,0.00658
0.11533333333333334,0.006582888888888889
0.11566666666666667,0.006585777777777778
0.116,0.006588666666666666
0.11633333333333334,0.006591555555555555
0.11666666666666667,0.0065944444444444444
0.11699999999999999,0.0065973333333333335
0.11733333333333335,0.006600222222222223
0.11766666666666667,0.006603111111111111
0.11800000000000001,0.006606
0.11833333333333335,0.006608888888888889
0.11866666666666667,0.006611777777777778
0.11900000000000001,0.006614666666666666
0.11933333333333333,0.006617555555555555
0.11966666666666667,0.006620444444444444
0.12000000000000001,0.0066233333333333335
0.12033333333333335,0.006626222222222223
0.12066666666666667,0.006629111111111111
0.121,0.006632
0.12133333333333335,0.006634888888888889
0.12166666666666667,0.006637777777777778
0.122,0.006640666666666666
0.12233333333333335,0.006643555555555555
0.12266666666666667,0.006646444444444444
0.123,0.0066493333333333335
0.12333333333333334,0.0066522222222222226
0.12366666666666667,0.006655111111111111
0.124,0.006658
0.12433333333333334,0.006660888888888889
0.12466666666666668,0.006663777777777778
0.125,0.006666666666666666
0.12533333333333335,0.006669555555555555
0.12566666666666668,0.006672444444444444
0.126,0.0066753333333333335
0.12633333333333333,0.0066782222222222225
0.12666666666666668,0.006681111111111111
0.127,0.006684
0.12733333333333335,0.006686888888888889
0.12766666666666665,0.006689777777777778
0.128,0.006692666666666667
0.12833333333333335,0.006695555555555555
0.12866666666666665,0.006698444444444444
0.129,0.0067013333333333334
0.12933333333333336,0.0067042222222222225
0.12966666666666668,0.006707111111111112
0.13,0.00671
0.1308,0.006716933333333334
0.1316,0.0067238666666666665
0.13240000000000002,0.0067308
0.1332,0.006737733333333333
0.134,0.006744666666666667
0.1348,0.0067516
0.1356,0.006758533333333333
0.1364,0.006765466666666667
0.13720000000000002,0.0067724000000000005
0.138,0.006779333333333333
0.1388,0.006786266666666666
0.1396,0.0067932
0.1404,0.006800133333333333
0.1412,0.006807066666666667
0.14200000000000002,0.006814
0.1428,0.0068209333333333335
0.1436,0.0068278666666666665
0.1444,0.0068348
0.1452,0.006841733333333333
0.14600000000000002,0.006848666666666667
0.1468,0.0068556
0.1476,0.006862533333333334
0.1484,0.006869466666666667
0.1492,0.0068763999999999995
0.15,0.006883333333333333
0.1508,0.006890266666666666
0.1516,0.0068972
0.1524,0.006904133333333333
0.1532,0.006911066666666667
0.154,0.006918
0.1548,0.0069249333333333335
0.15560000000000002,0.006931866666666666
0.1564,0.0069388
0.1572,0.006945733333333333
0.158,0.006952666666666667
0.1588,0.0069596
0.1596,0.006966533333333334
0.1604,0.0069734666666666665
0.1612,0.0069804
0.162,0.006987333333333333
0.1628,0.006994266666666667
0.1636,0.0070012
0.1644,0.007008133333333333
0.1652,0.007015066666666667
0.166,0.0070220000000000005
0.1668,0.007028933333333333
0.1676,0.007035866666666666
0.1684,0.0070428
0.16920000000000002,0.007049733333333334
0.17,0.007056666666666667
0.1708,0.0070636
0.1716,0.0070705333333333335
0.1724,0.0070774666666666665
0.1732,0.0070844
0.174,0.007091333333333333
0.1748,0.007098266666666667
0.1756,0.0071052
0.1764,0.007112133333333334
0.1772,0.007119066666666667
0.178,0.0071259999999999995
0.17880000000000001,0.007132933333333333
0.1796,0.007139866666666667
0.1804,0.0071468
0.1812,0.007153733333333333
0.182,0.007160666666666667
0.18280000000000002,0.0071676
0.18359999999999999,0.0071745333333333335
0.1844,0.007181466666666666
0.1852,0.0071884
0.186,0.007195333333333333
0.1868,0.007202266666666667
0.18760000000000002,0.0072092
0.1884,0.007216133333333334
0.1892,0.0072230666666666665
0.19,0.00723
0.1908,0.007236933333333333
0.1916,0.007243866666666666
0.19240000000000002,0.0072508
0.1932,0.007257733333333334
0.194,0.007264666666666667
0.1948,0.0072716
0.1956,0.007278533333333333
0.19640000000000002,0.007285466666666667
0.1972,0.0072924
0.198,0.007299333333333333
0.1988,0.007306266666666667
0.1996,0.0073132
0.2004,0.0073201333333333335
0.2012,0.0073270666666666665
0.202,0.007334
0.2028,0.007340933333333333
0.2036,0.007347866666666666
0.20440000000000003,0.0073548
0.2052,0.007361733333333334
0.20600000000000002,0.007368666666666667
0.20679999999999998,0.0073755999999999995
0.2076,0.007382533333333333
0.2084,0.007389466666666667
0.2092,0.0073964
0.21000000000000002,0.007403333333333333
0.2108,0.007410266666666667
0.2116,0.0074172
0.2124,0.0074241333333333335
0.2132,0.007431066666666666
0.214,0.007438
0.2148,0.007444933333333333
0.2156,0.007451866666666667
0.21639999999999998,0.0074588
0.2172,0.007465733333333334
0.218,0.0074726666666666665
0.2188,0.0074796
0.21960000000000002,0.007486533333333333
0.22039999999999998,0.007493466666666667
0.2212,0.0075004
0.222,0.007507333333333333
0.2228,0.007514266666666667
0.2236,0.0075212000000000005
0.2244,0.007528133333333333
0.2252,0.007535066666666666
0.22599999999999998,0.007542
0.2268,0.007548933333333334
0.2276,0.007555866666666667
0.2284,0.0075628
0.22920000000000001,0.0075697333333333335
0.23,0.0075766666666666664
0.2308,0.0075836
0.2316,0.007590533333333333
0.2324,0.007597466666666667
0.2332,0.0076044
0.23399999999999999,0.007611333333333333
0.2348,0.007618266666666667
0.2356,0.0076252
0.2364,0.007632133333333333
0.2372,0.007639066666666666
0.238,0.007646
0.2388,0.007652933333333334
0.23959999999999998,0.007659866666666666
0.2404,0.0076668
0.2412,0.0076737333333333334
0.242,0.007680666666666666
0.2428,0.007687599999999999
0.24359999999999998,0.007694533333333333
0.2444,0.007701466666666667
0.24520000000000003,0.007708400000000001
0.246,0.007715333333333333
0.24680000000000002,0.0077222666666666665
0.24760000000000001,0.0077292
0.2484,0.007736133333333333
0.24919999999999998,0.007743066666666666
0.25,0.00775
